employee_id,name,experience_years,monthly_salary,performance_score,monthly_hours_worked,join_date,department_Engineering,department_Finance,department_HR,department_Operations,department_Sales,education_Bachelors,education_Diploma,education_Masters,education_PhD,salary_per_experience_year,tenure_years,performance_per_hour,seniority_level
1.0,Kabir Desai,14.6,121277.33499999999,61.4,175.1,2015-01-01,False,False,False,False,True,False,False,False,True,7774.19,11.51,0.3507,Lead
2.0,Simran Iyer,9.2,52692.28,66.9,160.3,2015-01-12,False,False,False,False,True,False,False,False,True,5165.91,11.48,0.4173,Senior
3.0,Rohan Nair,17.9,81103.5,79.9,173.0,2015-01-23,False,False,False,False,True,False,False,True,False,4291.19,11.45,0.4618,Lead
4.0,Simran Reddy,25.0,95654.08,69.7,178.0,2015-02-03,False,False,False,False,True,True,False,False,False,3679.0,11.42,0.3916,Lead
5.0,Om Chauhan,10.2,56599.59,62.1,169.5,2015-02-14,True,False,False,False,False,True,False,False,False,5053.53,11.39,0.3664,Lead
6.0,Isha Chopra,8.8,45369.52,61.2,156.1,2015-02-25,True,False,False,False,False,True,False,False,False,4629.54,11.36,0.3921,Senior
7.0,Rohan Singh,26.8,105108.0,69.2,174.9,2015-03-08,True,False,False,False,False,False,False,True,False,3780.86,11.33,0.3957,Lead
8.0,Meera Gupta,18.6,73391.86,80.7,164.01999999999998,2015-03-19,False,False,False,False,True,True,False,False,False,3744.48,11.3,0.492,Lead
9.0,Dev Verma,9.9,59418.92,89.1,165.78,2015-03-30,True,False,False,False,False,False,True,False,False,5451.28,11.27,0.5375,Senior
10.0,Karan Malhotra,16.7,70123.19,67.5,147.5,2015-04-10,False,True,False,False,False,False,False,True,False,3961.76,11.24,0.4576,Lead
11.0,Yash Patel,12.8,66187.54,69.5,168.0,2015-04-21,True,False,False,False,False,True,False,False,False,4796.2,11.21,0.4137,Lead
12.0,Vivaan Sharma,1.2,39534.37,55.4,182.7,2015-05-02,False,False,False,True,False,False,False,True,False,17970.17,11.18,0.3032,Junior
13.0,Saanvi Malhotra,17.2,76240.69,93.3,165.0,2015-05-13,False,False,False,True,False,True,False,False,False,4189.05,11.15,0.5655,Lead
14.0,Neha Agarwal,0.0,33779.27,53.2,152.7,2015-05-24,False,False,False,False,True,False,False,True,False,33779.27,11.12,0.3484,Junior
15.0,Pooja Mehta,1.5,33257.81,84.1,164.5,2015-06-04,False,True,False,False,False,False,False,True,False,13303.12,11.09,0.5112,Junior
17.0,Vihaan Iyer,5.6,44691.49,62.8,174.7,2015-06-26,False,False,True,False,False,False,False,False,True,6771.44,11.03,0.3595,Senior
18.0,Yash Chauhan,18.9,75550.43,56.7,156.9,2015-07-07,True,False,False,False,False,True,False,False,False,3796.5,11.0,0.3614,Lead
19.0,Saanvi Desai,4.0,52336.02,98.9,169.3,2015-07-18,True,False,False,False,False,True,False,False,False,10467.2,10.97,0.5842,Mid
20.0,Neha Gupta,0.0,25038.21,72.7,165.9,2015-07-29,True,False,False,False,False,False,False,True,False,25038.21,10.93,0.4382,Junior
21.0,Diya Chauhan,25.2,98010.43,70.3,171.2,2015-08-09,True,False,False,False,False,True,False,False,False,3740.86,10.9,0.4106,Lead
22.0,Kabir Joshi,13.0,65085.98,80.6,169.9,2015-08-20,False,False,True,False,False,True,False,False,False,4649.0,10.87,0.4744,Lead
23.0,Kabir Bhatt,7.4,49649.36,62.2,160.94,2015-08-31,False,False,True,False,False,True,False,False,False,5910.64,10.84,0.3865,Senior
24.0,Ananya Rao,1.0,39899.43,70.3,169.2,2015-09-11,True,False,False,False,False,False,False,True,False,19949.72,10.81,0.4155,Junior
25.0,Kavya Joshi,12.8,63491.89,70.7,155.0,2015-09-22,False,True,False,False,False,True,False,False,False,4600.86,10.78,0.4561,Lead
26.0,Om Verma,9.8,51325.47,63.9,170.96,2015-10-03,False,False,False,False,True,False,False,True,False,4752.36,10.75,0.3738,Senior
27.0,Sneha Iyer,6.6,47958.65,69.3,162.7,2015-10-14,False,False,False,False,True,False,True,False,False,6310.35,10.72,0.4259,Senior
28.0,Rajat Reddy,7.8,48584.11,67.4,160.12,2015-10-25,False,True,False,False,False,True,False,False,False,5520.92,10.69,0.4209,Senior
29.0,Saanvi Nair,7.8,52016.42,51.4,168.57999999999998,2015-11-05,True,False,False,False,False,True,False,False,False,5910.96,10.66,0.3049,Senior
30.0,Vihaan Gupta,8.0,54065.37,66.4,162.5,2015-11-16,False,False,False,False,True,True,False,False,False,6007.26,10.63,0.4086,Senior
31.0,Uday Agarwal,14.2,61204.56,73.0,179.0,2015-11-27,False,False,False,False,True,False,False,False,True,4026.62,10.6,0.4078,Lead
32.0,Ananya Bhatt,31.9,115726.68,59.3,174.73999999999998,2015-12-08,False,False,False,False,True,True,False,False,False,3517.53,10.57,0.3394,Lead
33.0,Meera Singh,9.0,51225.5,60.2,153.3,2015-12-19,False,False,False,True,False,True,False,False,False,5122.55,10.54,0.3927,Senior
34.0,Vivaan Patel,4.0,42218.07,63.4,158.1,2015-12-30,False,False,True,False,False,True,False,False,False,8443.61,10.51,0.401,Mid
35.0,Dev Mehta,13.9,67835.15,84.7,168.7,2016-01-10,False,False,False,True,False,False,False,True,False,4552.69,10.48,0.5021,Lead
36.0,Ananya Bhatt,1.5,35586.94,64.2,173.0,2016-01-21,False,False,True,False,False,True,False,False,False,14234.78,10.45,0.3711,Junior
37.0,Om Malhotra,14.6,65954.46,87.1,173.3,2016-02-01,True,False,False,False,False,False,False,True,False,4227.85,10.42,0.5026,Lead
38.0,Vivaan Mehta,0.0,27557.01,62.6,151.5,2016-02-12,True,False,False,False,False,False,True,False,False,27557.01,10.39,0.4132,Junior
39.0,Yash Singh,0.0,28655.03,73.9,184.9,2016-02-23,False,False,True,False,False,True,False,False,False,28655.03,10.36,0.3997,Junior
40.0,Uday Bansal,15.6,76825.86,64.6,170.4,2016-03-05,False,False,False,False,True,False,False,False,True,4628.06,10.33,0.3791,Lead
41.0,Vihaan Nair,22.3,121277.33499999999,79.0,183.9,2016-03-16,False,False,False,True,False,True,False,False,False,5205.04,10.3,0.4296,Lead
42.0,Uday Nair,21.1,79153.78,56.6,169.0,2016-03-27,False,True,False,False,False,False,False,False,True,3581.62,10.27,0.3349,Lead
44.0,Tanvi Bhatt,14.6,67178.77,71.4,175.7,2016-04-18,False,False,False,True,False,False,False,False,True,4306.33,10.21,0.4064,Lead
45.0,Vihaan Kapoor,0.0,22376.47,62.3,172.2,2016-04-29,False,True,False,False,False,True,False,False,False,22376.47,10.18,0.3618,Junior
46.0,Nikhil Iyer,9.0,45732.2,68.0,175.1,2016-05-10,False,False,True,False,False,True,False,False,False,4573.22,10.15,0.3883,Senior
47.0,Tanvi Sharma,11.0,56195.23,88.4,174.2,2016-05-21,False,False,False,False,True,True,False,False,False,4682.94,10.12,0.5075,Lead
48.0,Neha Reddy,25.6,87561.12,71.7,165.28,2016-06-01,True,False,False,False,False,True,False,False,False,3291.77,10.09,0.4338,Lead
49.0,Nikhil Sharma,16.8,65968.64,70.3,162.7,2016-06-12,True,False,False,False,False,True,False,False,False,3706.1,10.06,0.4321,Lead
51.0,Karan Chopra,10.8,52766.94,76.1,174.7,2016-07-04,False,False,False,False,True,True,False,False,False,4471.77,10.0,0.4356,Lead
52.0,Rahul Agarwal,9.5,57406.23,72.4,162.5,2016-07-15,False,True,False,False,False,True,False,False,False,5467.26,9.97,0.4455,Senior
53.0,Meera Gupta,8.0,54778.54,78.3,165.04,2016-07-26,False,False,False,False,True,False,False,False,True,6086.5,9.94,0.4744,Senior
54.0,Aditya Sharma,18.4,85595.0,52.5,183.7,2016-08-06,False,False,True,False,False,True,False,False,False,4412.11,9.91,0.2858,Lead
55.0,Pooja Kumar,18.6,85911.81,55.9,160.1,2016-08-17,False,False,False,True,False,True,False,False,False,4383.26,9.88,0.3492,Lead
56.0,Priya Reddy,21.4,87431.56,83.8,162.3,2016-08-28,False,False,False,True,False,True,False,False,False,3903.19,9.85,0.5163,Lead
57.0,Om Joshi,4.0,45138.39,74.0,160.6,2016-09-08,True,False,False,False,False,True,False,False,False,9027.68,9.82,0.4608,Mid
58.0,Rajat Reddy,6.2,46155.51,76.4,166.2,2016-09-19,False,False,False,True,False,False,True,False,False,6410.49,9.79,0.4597,Senior
59.0,Nikhil Nair,14.6,69099.32,69.3,165.14000000000001,2016-09-30,False,False,False,False,True,True,False,False,False,4429.44,9.76,0.4196,Lead
60.0,Saanvi Verma,21.7,93968.02,58.2,176.01999999999998,2016-10-11,False,False,False,False,True,False,False,True,False,4139.56,9.73,0.3306,Lead
61.0,Aarav Bansal,11.9,61606.06,81.9,168.52,2016-10-22,False,False,True,False,False,False,True,False,False,4775.66,9.7,0.486,Lead
62.0,Isha Kumar,12.8,67766.19,70.3,166.8,2016-11-02,True,False,False,False,False,False,False,False,True,4910.59,9.67,0.4215,Lead
63.0,Aditya Malhotra,2.3,31078.24,56.9,146.8,2016-11-13,True,False,False,False,False,False,False,True,False,9417.65,9.64,0.3876,Mid
64.0,Meera Gupta,7.6,45668.81,54.6,162.66,2016-11-24,False,False,True,False,False,False,False,False,True,5310.33,9.61,0.3357,Senior
65.0,Aarav Gupta,17.5,75310.35,68.7,159.92000000000002,2016-12-05,False,False,False,False,True,False,True,False,False,4070.83,9.58,0.4296,Lead
66.0,Diya Iyer,23.4,89249.66,60.4,150.4,2016-12-16,False,False,False,False,True,False,False,True,False,3657.77,9.55,0.4016,Lead
67.0,Uday Gupta,12.4,57900.33,60.2,176.3,2016-12-27,True,False,False,False,False,False,False,True,False,4320.92,9.52,0.3415,Lead
68.0,Aarav Kumar,23.0,99536.89,55.0,169.9,2017-01-07,False,True,False,False,False,False,False,True,False,4147.37,9.49,0.3237,Lead
69.0,Om Rao,17.4,74362.97,64.4,190.23000000000002,2017-01-18,False,False,True,False,False,False,False,True,False,4041.47,9.46,0.3385,Lead
70.0,Kabir Joshi,6.2,43286.37,56.1,186.2,2017-01-29,True,False,False,False,False,False,False,True,False,6012.0,9.43,0.3013,Senior
71.0,Vihaan Iyer,16.4,71758.09,56.9,166.4,2017-02-09,True,False,False,False,False,True,False,False,False,4124.03,9.4,0.3419,Lead
72.0,Om Mehta,26.5,96377.13,73.6,172.2,2017-02-20,False,False,False,False,True,True,False,False,False,3504.62,9.37,0.4274,Lead
73.0,Rajat Kapoor,11.6,59939.01,69.3,169.22,2017-03-03,False,False,False,False,True,True,False,False,False,4757.06,9.34,0.4095,Lead
74.0,Rahul Reddy,24.5,83281.41,75.8,189.3,2017-03-14,False,True,False,False,False,True,False,False,False,3265.94,9.31,0.4004,Lead
75.0,Arjun Desai,0.0,36459.73,50.2,143.6,2017-03-25,True,False,False,False,False,True,False,False,False,36459.73,9.28,0.3496,Junior
76.0,Simran Singh,18.3,82494.15,70.1,151.3,2017-04-05,False,False,False,False,True,True,False,False,False,4274.31,9.25,0.4633,Lead
77.0,Yash Kumar,6.5,53601.6,94.9,157.0,2017-04-16,False,False,True,False,False,False,False,True,False,7146.88,9.22,0.6045,Senior
78.0,Isha Reddy,9.6,55627.16,67.9,170.6,2017-04-27,False,False,True,False,False,True,False,False,False,5247.85,9.19,0.398,Senior
79.0,Tanvi Iyer,19.1,81062.41,79.9,174.5,2017-05-08,False,False,True,False,False,False,False,False,True,4032.96,9.16,0.4579,Lead
80.0,Rohan Singh,0.0,25668.87,79.8,170.7,2017-05-19,False,False,False,False,True,True,False,False,False,25668.87,9.13,0.4675,Junior
81.0,Tanvi Reddy,16.5,75414.5,80.4,156.3,2017-05-30,False,False,False,False,True,True,False,False,False,4309.4,9.1,0.5144,Lead
82.0,Pooja Chauhan,6.5,47508.94,72.0,141.35000000000002,2017-06-10,False,False,False,False,True,False,False,True,False,6334.53,9.07,0.5094,Senior
84.0,Priya Kapoor,11.0,61823.72,78.4,157.2,2017-07-02,False,False,True,False,False,True,False,False,False,5151.98,9.01,0.4987,Lead
85.0,Yash Patel,13.7,121277.33499999999,77.6,146.7,2017-07-13,False,True,False,False,False,False,False,False,True,8250.16,8.98,0.529,Lead
86.0,Rajat Malhotra,11.6,59303.04,56.6,167.3,2017-07-24,False,True,False,False,False,False,False,False,True,4706.59,8.95,0.3383,Lead
87.0,Saanvi Desai,20.5,83441.91,49.5,178.2,2017-08-04,False,True,False,False,False,True,False,False,False,3881.02,8.92,0.2778,Lead
88.0,Yash Chopra,21.3,78091.41,51.4,169.4,2017-08-15,True,False,False,False,False,True,False,False,False,3501.86,8.89,0.3034,Lead
89.0,Om Reddy,9.2,59215.92,66.8,160.0,2017-08-26,False,False,True,False,False,False,True,False,False,5805.48,8.86,0.4175,Senior
90.0,Yash Sharma,17.6,69505.93,77.1,168.62000000000003,2017-09-06,True,False,False,False,False,False,False,True,False,3736.88,8.83,0.4572,Lead
91.0,Aarav Desai,13.6,60472.87,56.7,163.1,2017-09-17,True,False,False,False,False,False,False,True,False,4141.98,8.8,0.3476,Lead
92.0,Tanvi Joshi,20.3,81061.58,81.1,156.7,2017-09-28,True,False,False,False,False,False,False,False,True,3805.71,8.77,0.5175,Lead
93.0,Aditya Reddy,9.9,60322.58,64.0,157.8,2017-10-09,False,False,False,False,True,True,False,False,False,5534.18,8.74,0.4056,Senior
94.0,Ishaan Nair,12.6,67069.74,64.1,167.38,2017-10-20,True,False,False,False,False,True,False,False,False,4931.6,8.71,0.383,Lead
95.0,Pooja Joshi,9.9,54725.88,60.0,168.2,2017-10-31,False,False,False,True,False,True,False,False,False,5020.72,8.68,0.3567,Senior
96.0,Yash Kumar,2.9,41115.07,47.4,163.1,2017-11-11,False,False,False,False,True,False,False,True,False,10542.33,8.65,0.2906,Mid
97.0,Aarav Chauhan,12.3,52304.71,72.8,156.2,2017-11-22,False,False,False,False,True,False,False,True,False,3932.68,8.62,0.4661,Lead
98.0,Priya Malhotra,14.9,63653.4,90.6,168.17999999999998,2017-12-03,True,False,False,False,False,False,False,True,False,4003.36,8.59,0.5387,Lead
99.0,Karan Iyer,7.4,121277.33499999999,69.2,141.9,2017-12-14,False,True,False,False,False,True,False,False,False,14437.78,8.56,0.4877,Senior
100.0,Pooja Joshi,8.5,57511.06,67.9,166.0,2017-12-25,False,False,True,False,False,True,False,False,False,6053.8,8.53,0.409,Senior
101.0,Sneha Agarwal,0.0,33273.27,79.4,174.3,2018-01-05,False,False,True,False,False,True,False,False,False,33273.27,8.5,0.4555,Junior
102.0,Yash Agarwal,9.6,54923.26,50.5,160.21999999999997,2018-01-16,False,False,False,False,True,False,False,True,False,5181.44,8.47,0.3152,Senior
103.0,Om Desai,9.5,55158.68,55.5,158.9,2018-01-27,False,False,True,False,False,False,False,True,False,5253.21,8.44,0.3493,Senior
104.0,Saanvi Reddy,1.8,42341.7,67.1,159.68,2018-02-07,True,False,False,False,False,True,False,False,False,15122.04,8.41,0.4202,Junior
105.0,Vivaan Gupta,13.1,61899.1,71.5,169.09999999999997,2018-02-18,False,True,False,False,False,False,False,False,True,4390.01,8.38,0.4228,Lead
106.0,Arjun Kumar,14.4,59429.66,57.9,162.7,2018-03-01,False,False,True,False,False,True,False,False,False,3859.07,8.34,0.3559,Lead
107.0,Arjun Agarwal,28.8,107435.98,66.7,167.5,2018-03-12,False,False,False,False,True,False,True,False,False,3605.23,8.31,0.3982,Lead
108.0,Pooja Agarwal,14.8,67909.2,78.6,147.7,2018-03-23,False,False,False,False,True,True,False,False,False,4298.05,8.28,0.5322,Lead
109.0,Vivaan Verma,18.5,81018.36,80.2,170.3,2018-04-03,False,False,False,False,True,False,False,True,False,4154.79,8.25,0.4709,Lead
110.0,Rajat Kumar,14.2,65276.18,85.0,187.5,2018-04-14,True,False,False,False,False,True,False,False,False,4294.49,8.22,0.4533,Lead
111.0,Aarav Sharma,0.8,27806.55,92.9,163.2,2018-04-25,True,False,False,False,False,False,True,False,False,15448.08,8.19,0.5692,Junior
112.0,Rahul Verma,11.2,60014.11,79.7,167.06,2018-05-06,False,False,True,False,False,True,False,False,False,4919.19,8.16,0.4771,Lead
113.0,Aisha Malhotra,9.9,54800.88,67.4,168.2,2018-05-17,True,False,False,False,False,True,False,False,False,5027.6,8.13,0.4007,Senior
114.0,Om Patel,33.3,114174.71,80.3,176.5,2018-05-28,True,False,False,False,False,True,False,False,False,3328.71,8.1,0.455,Lead
115.0,Isha Singh,10.3,63832.85,75.6,167.28000000000003,2018-06-08,False,False,False,False,True,True,False,False,False,5648.92,8.07,0.4519,Lead
116.0,Isha Chopra,15.5,63256.49,76.1,176.0,2018-06-19,False,False,False,False,True,True,False,False,False,3833.73,8.04,0.4324,Lead
117.0,Karan Agarwal,15.4,69929.59,72.1,170.0,2018-06-30,False,False,False,True,False,False,True,False,False,4264.0,8.01,0.4241,Lead
118.0,Ishaan Kumar,1.4,29405.02,59.1,160.9,2018-07-11,False,False,False,False,True,True,False,False,False,12252.09,7.98,0.3673,Junior
119.0,Sneha Verma,20.0,67047.27,57.7,160.2,2018-07-22,False,False,True,False,False,False,False,True,False,3192.73,7.95,0.3602,Lead
120.0,Ishaan Chopra,24.7,91505.17,68.2,185.4,2018-08-02,False,True,False,False,False,False,False,True,False,3560.51,7.92,0.3679,Lead
121.0,Zara Bansal,19.8,79655.11,71.8,173.96,2018-08-13,False,False,True,False,False,False,False,True,False,3829.57,7.89,0.4127,Lead
122.0,Aarav Joshi,8.6,54617.61,61.8,158.8,2018-08-24,False,False,False,True,False,True,False,False,False,5689.33,7.86,0.3892,Senior
123.0,Rajat Patel,25.2,91912.3,75.1,175.26000000000002,2018-09-04,True,False,False,False,False,True,False,False,False,3508.1,7.83,0.4285,Lead
124.0,Zara Gupta,4.0,32555.0,67.25,157.0,2018-09-15,False,False,False,True,False,False,False,True,False,6511.0,7.8,0.4283,Mid
125.0,Sneha Singh,18.1,71137.84,49.1,161.2,2018-09-26,False,False,False,False,True,False,True,False,False,3724.49,7.77,0.3046,Lead
126.0,Rahul Gupta,32.0,116584.79,77.0,168.4,2018-10-07,False,False,False,False,True,True,False,False,False,3532.87,7.74,0.4572,Lead
127.0,Rahul Desai,6.1,41066.86,69.2,145.3,2018-10-18,False,False,True,False,False,True,False,False,False,5784.06,7.71,0.4763,Senior
128.0,Kabir Desai,4.7,49666.13,75.4,167.1,2018-10-29,False,False,False,True,False,True,False,False,False,8713.36,7.68,0.4512,Mid
129.0,Nikhil Sharma,12.3,65999.92,64.8,147.8,2018-11-09,False,True,False,False,False,False,True,False,False,4962.4,7.65,0.4384,Lead
130.0,Meera Reddy,11.1,56161.1,69.3,168.21999999999997,2018-11-20,False,False,False,False,True,True,False,False,False,4641.41,7.62,0.412,Lead
131.0,Kavya Nair,2.7,33104.6,71.6,141.35000000000002,2018-12-01,True,False,False,False,False,True,False,False,False,8947.19,7.59,0.5065,Mid
132.0,Aarav Chopra,12.5,66489.56,66.4,168.3,2018-12-12,False,False,False,True,False,False,False,False,True,4925.15,7.56,0.3945,Lead
133.0,Rajat Bhatt,3.5,37545.44,51.8,160.2,2018-12-23,True,False,False,False,False,True,False,False,False,8343.43,7.53,0.3233,Mid
134.0,Isha Mehta,18.8,69271.75,67.2,166.1,2019-01-03,False,True,False,False,False,True,False,False,False,3498.57,7.5,0.4046,Lead
135.0,Aditya Reddy,6.7,49561.58,53.0,152.9,2019-01-14,False,True,False,False,False,False,False,True,False,6436.57,7.47,0.3466,Senior
136.0,Rajat Bansal,19.5,80836.32,77.8,158.0,2019-01-25,True,False,False,False,False,False,True,False,False,3943.24,7.44,0.4924,Lead
137.0,Om Bansal,8.8,121277.33499999999,47.6,169.0,2019-02-05,True,False,False,False,False,True,False,False,False,12375.24,7.41,0.2817,Senior
138.0,Neha Desai,4.3,42497.97,82.3,156.6,2019-02-16,True,False,False,False,False,True,False,False,False,8018.48,7.38,0.5255,Mid
139.0,Rajat Agarwal,16.7,69004.27,69.3,165.14000000000001,2019-02-27,False,False,False,False,True,True,False,False,False,3898.55,7.35,0.4196,Lead
140.0,Vivaan Sharma,0.0,36348.39,67.25,151.1,2019-03-10,False,False,False,True,False,True,False,False,False,36348.39,7.32,0.4451,Junior
141.0,Zara Malhotra,16.9,79084.95,44.0,170.3,2019-03-21,True,False,False,False,False,False,False,True,False,4418.15,7.29,0.2584,Lead
142.0,Diya Kumar,23.5,89916.03,66.1,166.78,2019-04-01,False,False,False,True,False,True,False,False,False,3670.04,7.26,0.3963,Lead
143.0,Pooja Joshi,1.3,33551.61,83.8,157.98000000000002,2019-04-12,False,False,False,False,True,True,False,False,False,14587.66,7.23,0.5304,Junior
144.0,Nikhil Gupta,10.6,49883.64,63.8,164.07999999999998,2019-04-23,False,False,False,True,False,True,False,False,False,4300.31,7.2,0.3888,Lead
145.0,Rahul Bansal,16.7,68712.37,57.1,170.9,2019-05-04,True,False,False,False,False,False,False,True,False,3882.05,7.17,0.3341,Lead
146.0,Zara Gupta,16.8,75803.85,62.4,166.0,2019-05-15,False,False,False,False,True,False,False,True,False,4258.64,7.14,0.3759,Lead
147.0,Sneha Sharma,1.0,29713.6,69.2,160.6,2019-05-26,False,False,False,False,True,False,False,False,True,14856.8,7.11,0.4309,Junior
148.0,Karan Desai,2.1,27965.81,59.8,157.8,2019-06-06,False,True,False,False,False,True,False,False,False,9021.23,7.08,0.379,Mid
149.0,Rohan Agarwal,13.1,80229.39,84.8,164.9,2019-06-17,False,False,True,False,False,False,False,False,True,5690.03,7.05,0.5143,Lead
150.0,Meera Singh,14.7,59432.97,69.2,169.5,2019-06-28,False,True,False,False,False,False,False,False,True,3785.54,7.02,0.4083,Lead
151.0,Ishaan Nair,12.5,72533.76,63.3,156.3,2019-07-09,False,False,False,False,True,True,False,False,False,5372.87,6.99,0.405,Lead
152.0,Sneha Gupta,17.5,121277.33499999999,54.4,158.6,2019-07-20,False,False,False,False,True,True,False,False,False,6555.53,6.96,0.343,Lead
153.0,Zara Gupta,10.2,55077.19,75.8,151.2,2019-07-31,True,False,False,False,False,True,False,False,False,4917.61,6.93,0.5013,Lead
154.0,Neha Bhatt,12.8,58638.61,75.5,163.04000000000002,2019-08-11,True,False,False,False,False,True,False,False,False,4249.17,6.9,0.4631,Lead
155.0,Uday Bhatt,13.7,68164.19,60.5,154.7,2019-08-22,True,False,False,False,False,True,False,False,False,4637.02,6.87,0.3911,Lead
156.0,Vivaan Gupta,6.3,38551.13,43.2,164.7,2019-09-02,False,False,False,True,False,True,False,False,False,5280.98,6.84,0.2623,Senior
157.0,Zara Joshi,29.0,93298.35,67.25,176.83999999999997,2019-09-13,False,False,False,True,False,True,False,False,False,3109.94,6.81,0.3803,Lead
158.0,Ananya Sharma,12.4,69050.86,67.8,171.3,2019-09-24,False,False,False,True,False,False,False,False,True,5153.05,6.78,0.3958,Lead
159.0,Ananya Sharma,6.3,41730.14,68.2,163.5,2019-10-05,False,True,False,False,False,True,False,False,False,5716.46,6.75,0.4171,Senior
160.0,Uday Bansal,21.5,87480.44,93.5,151.1,2019-10-16,True,False,False,False,False,False,False,False,True,3888.02,6.72,0.6188,Lead
161.0,Sneha Nair,2.2,30072.72,69.7,167.6,2019-10-27,True,False,False,False,False,False,False,True,False,9397.72,6.69,0.4159,Mid
162.0,Kabir Gupta,16.4,74542.11,63.8,176.3,2019-11-07,True,False,False,False,False,False,False,False,True,4284.03,6.66,0.3619,Lead
164.0,Zara Malhotra,6.9,44614.39,69.3,167.7,2019-11-29,False,False,False,False,True,True,False,False,False,5647.39,6.6,0.4132,Senior
165.0,Pooja Chauhan,19.5,69082.79,71.9,161.2,2019-12-10,True,False,False,False,False,False,False,True,False,3369.89,6.57,0.446,Lead
166.0,Dev Rao,10.8,65443.97,69.3,166.4,2019-12-21,False,False,False,False,True,True,False,False,False,5546.1,6.54,0.4165,Lead
167.0,Yash Patel,12.5,65881.22,90.7,153.6,2020-01-01,True,False,False,False,False,True,False,False,False,4880.09,6.51,0.5905,Lead
168.0,Ishaan Kapoor,33.0,110132.14,76.0,158.6,2020-01-12,False,False,False,True,False,False,True,False,False,3239.18,6.48,0.4792,Lead
169.0,Rahul Nair,12.3,59660.24,68.4,171.68,2020-01-23,False,True,False,False,False,True,False,False,False,4485.73,6.45,0.3984,Lead
170.0,Pooja Verma,8.4,45446.74,61.5,163.0,2020-02-03,False,False,False,False,True,True,False,False,False,4834.76,6.42,0.3773,Senior
171.0,Aisha Sharma,1.1,39851.28,73.2,156.6,2020-02-14,False,False,False,True,False,False,False,True,False,18976.8,6.39,0.4674,Junior
172.0,Rajat Iyer,13.4,60826.42,59.1,154.9,2020-02-25,False,False,True,False,False,False,False,False,True,4224.06,6.36,0.3815,Lead
173.0,Aarav Kumar,10.5,49156.46,72.2,161.3,2020-03-07,False,False,False,False,True,False,False,True,False,4274.47,6.33,0.4476,Lead
174.0,Rajat Bansal,16.8,73068.23,70.3,163.01999999999998,2020-03-18,True,False,False,False,False,True,False,False,False,4104.96,6.3,0.4312,Lead
175.0,Rahul Singh,10.1,50949.93,67.4,163.64000000000001,2020-03-29,True,False,False,False,False,False,False,True,False,4590.08,6.27,0.4119,Lead
176.0,Aditya Agarwal,15.5,63599.93,62.4,169.6,2020-04-09,False,False,False,False,True,True,False,False,False,3854.54,6.24,0.3679,Lead
177.0,Arjun Malhotra,11.9,57599.5,43.8,159.2,2020-04-20,False,False,False,True,False,False,False,True,False,4465.08,6.21,0.2751,Lead
178.0,Rajat Rao,29.7,104681.78,83.7,186.6,2020-05-01,True,False,False,False,False,False,True,False,False,3409.83,6.18,0.4486,Lead
179.0,Aisha Patel,12.7,54844.45,74.8,154.6,2020-05-12,False,False,False,True,False,False,False,True,False,4003.24,6.15,0.4838,Lead
180.0,Aditya Joshi,36.4,121277.33499999999,75.1,171.8,2020-05-23,True,False,False,False,False,False,False,False,True,3242.71,6.12,0.4371,Lead
181.0,Diya Agarwal,22.0,88385.8,51.3,165.12,2020-06-03,False,False,False,False,True,True,False,False,False,3842.86,6.09,0.3107,Lead
182.0,Uday Gupta,2.5,34423.19,86.6,166.1,2020-06-14,True,False,False,False,False,False,False,True,False,9835.2,6.06,0.5214,Mid
183.0,Rajat Sharma,8.4,46483.28,64.4,166.96,2020-06-25,False,False,False,False,True,False,False,False,True,4945.03,6.03,0.3857,Senior
184.0,Sneha Sharma,11.1,57303.87,66.5,160.3,2020-07-06,True,False,False,False,False,True,False,False,False,4735.86,6.0,0.4148,Lead
185.0,Aditya Bhatt,5.1,47247.18,57.2,172.9,2020-07-17,False,False,False,True,False,False,False,False,True,7745.44,5.97,0.3308,Senior
186.0,Neha Mehta,20.2,84222.92,48.6,155.9,2020-07-28,True,False,False,False,False,True,False,False,False,3972.78,5.94,0.3117,Lead
187.0,Dev Gupta,16.0,75292.52,83.9,158.3,2020-08-08,False,False,True,False,False,False,False,True,False,4428.97,5.91,0.53,Lead
188.0,Meera Rao,12.2,58098.11,85.4,162.1,2020-08-19,False,False,False,False,True,False,False,False,True,4401.37,5.88,0.5268,Lead
189.0,Karan Bhatt,3.3,23625.37,68.0,167.08,2020-08-30,False,False,False,False,True,False,False,True,False,5494.27,5.85,0.407,Mid
190.0,Vihaan Verma,0.0,36239.06,61.8,163.8,2020-09-10,False,False,False,False,True,True,False,False,False,36239.06,5.82,0.3773,Junior
191.0,Pooja Mehta,8.2,49664.02,65.5,154.4,2020-09-21,False,False,True,False,False,False,False,True,False,5398.26,5.79,0.4242,Senior
192.0,Vivaan Agarwal,18.6,79830.83,69.3,173.95999999999998,2020-10-02,False,False,False,False,True,False,False,True,False,4073.0,5.75,0.3984,Lead
193.0,Meera Sharma,16.9,80596.14,55.6,162.3,2020-10-13,True,False,False,False,False,False,True,False,False,4502.58,5.72,0.3426,Lead
194.0,Nikhil Chopra,1.7,46422.04,66.5,153.8,2020-10-24,False,False,True,False,False,True,False,False,False,17193.35,5.69,0.4324,Junior
195.0,Dev Bansal,13.5,60500.89,71.8,176.5,2020-11-04,True,False,False,False,False,True,False,False,False,4172.48,5.66,0.4068,Lead
196.0,Kabir Mehta,18.7,77419.8,82.2,155.6,2020-11-15,False,False,False,False,True,False,False,True,False,3929.94,5.63,0.5283,Lead
197.0,Isha Gupta,6.0,51834.18,70.2,179.1,2020-11-26,True,False,False,False,False,True,False,False,False,7404.88,5.6,0.392,Senior
198.0,Kavya Kapoor,15.1,63528.6,51.1,175.8,2020-12-07,False,False,False,True,False,False,False,True,False,3945.88,5.57,0.2907,Lead
199.0,Rajat Reddy,14.8,64089.44,74.2,178.3,2020-12-18,False,False,True,False,False,False,False,True,False,4056.29,5.54,0.4162,Lead
200.0,Neha Singh,7.4,45559.81,66.9,159.1,2020-12-29,True,False,False,False,False,False,False,False,True,5423.79,5.51,0.4205,Senior
201.0,Tanvi Desai,15.8,69359.55,86.4,166.4,2021-01-09,False,False,False,False,True,False,False,True,False,4128.54,5.48,0.5192,Lead
202.0,Aarav Nair,19.3,77149.38,87.2,155.3,2021-01-20,False,False,False,True,False,False,False,True,False,3800.46,5.45,0.5615,Lead
203.0,Uday Bansal,23.4,85531.02,87.6,166.5,2021-01-31,False,False,True,False,False,True,False,False,False,3505.37,5.42,0.5261,Lead
204.0,Uday Malhotra,17.8,69671.21,63.3,173.8,2021-02-11,True,False,False,False,False,True,False,False,False,3705.92,5.39,0.3642,Lead
205.0,Rahul Iyer,0.1,34309.7,93.9,173.0,2021-02-22,False,False,False,True,False,True,False,False,False,31190.64,5.36,0.5428,Junior
206.0,Rajat Verma,7.9,56439.16,74.2,152.9,2021-03-05,True,False,False,False,False,True,False,False,False,6341.48,5.33,0.4853,Senior
207.0,Vivaan Chauhan,15.9,77163.57,89.5,164.3,2021-03-16,True,False,False,False,False,False,False,True,False,4565.89,5.3,0.5447,Lead
208.0,Neha Agarwal,16.6,69094.63,64.0,166.8,2021-03-27,False,False,True,False,False,False,False,True,False,3925.83,5.27,0.3837,Lead
209.0,Sneha Mehta,11.9,64018.62,69.3,152.0,2021-04-07,False,False,False,False,True,False,False,True,False,4962.68,5.24,0.4559,Lead
210.0,Ishaan Iyer,39.9,121277.33499999999,73.3,185.9,2021-04-18,False,False,False,True,False,False,False,False,True,2965.22,5.21,0.3943,Lead
211.0,Dev Chopra,22.6,83646.64,68.2,164.1,2021-04-29,False,True,False,False,False,False,True,False,False,3544.35,5.18,0.4156,Lead
212.0,Rajat Kumar,19.4,82171.09,85.1,170.38000000000002,2021-05-10,False,False,True,False,False,False,False,False,True,4027.99,5.15,0.4995,Lead
213.0,Aarav Nair,17.2,69916.97,67.2,164.1,2021-05-21,False,False,False,False,True,False,False,True,False,3841.59,5.12,0.4095,Lead
214.0,Aisha Malhotra,16.3,68869.12,84.0,160.3,2021-06-01,False,False,False,False,True,False,False,True,False,3980.87,5.09,0.524,Lead
215.0,Saanvi Kumar,11.0,50616.35,78.8,165.4,2021-06-12,True,False,False,False,False,True,False,False,False,4218.03,5.06,0.4764,Lead
216.0,Kabir Singh,11.8,57178.89,67.4,163.7,2021-06-23,False,True,False,False,False,True,False,False,False,4467.1,5.03,0.4117,Lead
218.0,Sneha Iyer,5.1,50594.67,64.3,165.04000000000002,2021-07-15,True,False,False,False,False,False,True,False,False,8294.21,4.97,0.3896,Senior
219.0,Aditya Nair,4.9,40482.52,98.2,165.6,2021-07-26,False,True,False,False,False,False,False,False,True,6861.44,4.94,0.593,Mid
220.0,Sneha Bansal,12.6,56309.15,40.55000000000001,182.8,2021-08-06,False,False,False,False,True,True,False,False,False,4140.38,4.91,0.2218,Lead
221.0,Tanvi Bhatt,33.7,121277.33499999999,78.1,178.2,2021-08-17,False,False,True,False,False,True,False,False,False,3495.02,4.88,0.4383,Lead
222.0,Rajat Mehta,0.0,27477.24,48.8,156.42,2021-08-28,False,False,False,False,True,False,False,False,True,27477.24,4.85,0.312,Junior
223.0,Yash Chauhan,18.7,68008.09,67.25,155.4,2021-09-08,False,False,False,True,False,True,False,False,False,3452.19,4.82,0.4328,Lead
224.0,Arjun Chauhan,3.6,39665.47,69.0,161.42,2021-09-19,True,False,False,False,False,True,False,False,False,8622.93,4.79,0.4275,Mid
225.0,Rajat Kumar,7.0,45876.13,88.1,164.68,2021-09-30,False,False,False,False,True,False,False,False,True,5734.52,4.76,0.535,Senior
226.0,Om Joshi,17.3,84751.98,61.7,153.9,2021-10-11,True,False,False,False,False,True,False,False,False,4631.26,4.73,0.4009,Lead
228.0,Om Sharma,0.0,29268.29,55.9,171.9,2021-11-02,False,True,False,False,False,False,False,True,False,29268.29,4.67,0.3252,Junior
229.0,Vihaan Verma,11.7,54627.51,86.2,175.4,2021-11-13,False,True,False,False,False,False,False,False,True,4301.38,4.64,0.4914,Lead
230.0,Yash Bansal,14.8,68650.83,64.3,169.8,2021-11-24,False,False,True,False,False,False,False,True,False,4344.99,4.61,0.3787,Lead
231.0,Neha Nair,2.0,42283.55,69.3,145.7,2021-12-05,False,False,False,False,True,True,False,False,False,14094.52,4.58,0.4756,Junior
232.0,Tanvi Sharma,15.6,70559.07,66.0,168.85999999999999,2021-12-16,False,False,False,False,True,True,False,False,False,4250.55,4.55,0.3909,Lead
233.0,Zara Reddy,13.6,59762.85,85.4,169.8,2021-12-27,False,False,False,False,True,True,False,False,False,4093.35,4.52,0.5029,Lead
234.0,Diya Gupta,4.9,44944.03,83.1,164.2,2022-01-07,False,False,True,False,False,False,False,True,False,7617.63,4.49,0.5061,Mid
235.0,Saanvi Bansal,28.5,101006.97,75.3,155.8,2022-01-18,False,False,False,True,False,False,False,True,False,3423.97,4.46,0.4833,Lead
236.0,Rahul Kumar,24.0,92243.07,56.2,173.4,2022-01-29,True,False,False,False,False,True,False,False,False,3689.72,4.43,0.3241,Lead
237.0,Dev Rao,0.0,28225.96,61.4,159.4,2022-02-09,False,False,False,False,True,False,False,False,True,28225.96,4.4,0.3852,Junior
238.0,Rajat Kumar,14.0,63108.52,57.7,172.4,2022-02-20,False,False,True,False,False,True,False,False,False,4207.23,4.37,0.3347,Lead
239.0,Vihaan Agarwal,12.1,58161.1,68.2,144.1,2022-03-03,False,True,False,False,False,True,False,False,False,4439.78,4.34,0.4733,Lead
240.0,Yash Rao,21.4,88211.19,85.1,167.78000000000003,2022-03-14,False,True,False,False,False,True,False,False,False,3938.0,4.31,0.5072,Lead
241.0,Yash Desai,11.0,55658.87,67.25,166.9,2022-03-25,False,False,False,True,False,True,False,False,False,4638.24,4.28,0.4029,Lead
242.0,Diya Malhotra,13.1,121277.33499999999,70.3,175.0,2022-04-05,True,False,False,False,False,False,False,True,False,8601.23,4.25,0.4017,Lead
243.0,Zara Bansal,18.0,70289.67,69.3,175.9,2022-04-16,False,False,False,False,True,False,False,True,False,3699.46,4.22,0.394,Lead
244.0,Aisha Reddy,18.9,79520.07,64.3,175.3,2022-04-27,False,False,False,True,False,True,False,False,False,3995.98,4.19,0.3668,Lead
245.0,Ananya Sharma,3.3,39808.51,59.9,153.7,2022-05-08,False,False,True,False,False,False,False,True,False,9257.79,4.16,0.3897,Mid
246.0,Yash Kumar,8.5,49006.16,67.3,145.2,2022-05-19,True,False,False,False,False,True,False,False,False,5158.54,4.13,0.4635,Senior
247.0,Isha Mehta,7.8,45953.11,56.4,160.0,2022-05-30,False,True,False,False,False,False,False,True,False,5221.94,4.1,0.3525,Senior
249.0,Ananya Verma,24.4,81597.78,65.5,186.1,2022-06-21,False,False,True,False,False,True,False,False,False,3212.51,4.04,0.352,Lead
250.0,Sneha Mehta,13.7,66715.86,63.9,174.0,2022-07-02,False,False,True,False,False,False,False,True,False,4538.49,4.01,0.3672,Lead
251.0,Om Chauhan,0.0,36457.02,62.9,164.3,2022-07-13,True,False,False,False,False,True,False,False,False,36457.02,3.98,0.3828,Junior
252.0,Om Sharma,19.0,60565.93,68.7,173.3,2022-07-24,True,False,False,False,False,True,False,False,False,3028.3,3.95,0.3964,Lead
253.0,Karan Kumar,22.2,89470.7,71.0,165.5,2022-08-04,True,False,False,False,False,True,False,False,False,3856.5,3.92,0.429,Lead
254.0,Tanvi Singh,19.8,78398.73,63.8,168.6,2022-08-15,False,True,False,False,False,False,False,True,False,3769.17,3.89,0.3784,Lead
255.0,Zara Bansal,1.2,34280.27,65.7,177.3,2022-08-26,False,True,False,False,False,False,False,True,False,15581.94,3.86,0.3706,Junior
256.0,Isha Verma,10.1,53633.81,69.0,166.02,2022-09-06,False,True,False,False,False,True,False,False,False,4831.87,3.83,0.4156,Lead
257.0,Arjun Desai,18.5,81626.97,67.8,185.4,2022-09-17,False,False,False,False,True,False,False,False,True,4186.0,3.8,0.3657,Lead
258.0,Karan Malhotra,2.1,37065.6,70.4,157.8,2022-09-28,False,True,False,False,False,False,False,True,False,11956.65,3.77,0.4461,Mid
259.0,Kavya Gupta,15.2,68658.6,61.9,180.9,2022-10-09,False,True,False,False,False,False,False,False,True,4238.19,3.74,0.3422,Lead
260.0,Rajat Sharma,15.6,64505.7,82.1,153.7,2022-10-20,False,False,True,False,False,False,False,True,False,3885.89,3.71,0.5342,Lead
261.0,Aarav Chauhan,9.8,63911.46,71.2,170.8,2022-10-31,False,True,False,False,False,False,False,True,False,5917.73,3.68,0.4169,Senior
262.0,Rohan Kumar,17.6,74049.66,68.2,161.4,2022-11-11,False,True,False,False,False,True,False,False,False,3981.16,3.65,0.4226,Lead
263.0,Saanvi Gupta,0.0,41449.03,74.1,145.8,2022-11-22,True,False,False,False,False,True,False,False,False,41449.03,3.62,0.5082,Junior
264.0,Aarav Sharma,5.4,53137.85,69.1,164.9,2022-12-03,True,False,False,False,False,False,True,False,False,8302.79,3.59,0.419,Senior
265.0,Meera Mehta,8.8,43108.25,49.2,174.5,2022-12-14,False,False,False,False,True,True,False,False,False,4398.8,3.56,0.2819,Senior
266.0,Rohan Malhotra,5.2,39725.27,74.1,154.2,2022-12-25,True,False,False,False,False,False,True,False,False,6407.3,3.53,0.4805,Senior
267.0,Simran Kapoor,21.0,77315.24,57.8,159.54000000000002,2023-01-05,False,False,True,False,False,False,False,True,False,3514.33,3.5,0.3623,Lead
269.0,Vivaan Chauhan,13.2,63935.82,67.1,165.7,2023-01-27,False,False,False,False,True,True,False,False,False,4502.52,3.44,0.4049,Lead
270.0,Kavya Gupta,9.7,55399.63,69.3,170.3,2023-02-07,False,False,False,False,True,True,False,False,False,5177.54,3.41,0.4069,Senior
271.0,Isha Agarwal,32.8,117270.64,62.4,185.9,2023-02-18,False,False,True,False,False,False,True,False,False,3469.55,3.38,0.3357,Lead
272.0,Om Nair,0.9,39717.91,69.3,159.9,2023-03-01,False,False,False,False,True,True,False,False,False,20904.16,3.35,0.4334,Junior
273.0,Simran Mehta,22.3,90587.44,84.5,171.11999999999998,2023-03-12,False,False,False,False,True,True,False,False,False,3887.87,3.32,0.4938,Lead
274.0,Om Verma,15.2,65195.32,66.8,171.8,2023-03-23,False,False,False,False,True,True,False,False,False,4024.4,3.29,0.3888,Lead
275.0,Rahul Joshi,5.6,40089.88,62.9,159.3,2023-04-03,False,False,False,False,True,True,False,False,False,6074.22,3.26,0.3949,Senior
276.0,Kabir Singh,19.5,78763.81,77.9,153.6,2023-04-14,False,False,False,False,True,True,False,False,False,3842.14,3.23,0.5072,Lead
277.0,Om Bhatt,10.4,58130.6,70.3,162.6,2023-04-25,True,False,False,False,False,True,False,False,False,5099.18,3.2,0.4323,Lead
278.0,Tanvi Chopra,2.6,35584.04,63.4,157.9,2023-05-06,True,False,False,False,False,False,False,False,True,9884.46,3.16,0.4015,Mid
279.0,Simran Singh,16.1,63522.58,46.2,177.7,2023-05-17,False,False,False,True,False,True,False,False,False,3714.77,3.13,0.26,Lead
280.0,Neha Singh,9.2,56410.3,62.7,164.66000000000003,2023-05-28,True,False,False,False,False,True,False,False,False,5530.42,3.1,0.3808,Senior
281.0,Priya Kumar,18.0,73038.43,78.1,157.2,2023-06-08,False,True,False,False,False,True,False,False,False,3844.13,3.07,0.4968,Lead
282.0,Nikhil Gupta,14.8,64887.44,60.7,166.04000000000002,2023-06-19,False,False,False,False,True,True,False,False,False,4106.8,3.04,0.3656,Lead
283.0,Arjun Gupta,22.9,86976.94,69.9,178.2,2023-06-30,False,False,False,False,True,False,True,False,False,3639.2,3.01,0.3923,Lead
285.0,Kavya Agarwal,29.9,102917.49,69.3,183.8,2023-07-22,False,False,False,False,True,True,False,False,False,3330.66,2.95,0.377,Lead
286.0,Kabir Kumar,0.0,23599.37,61.9,167.6,2023-08-02,True,False,False,False,False,False,False,True,False,23599.37,2.92,0.3693,Junior
287.0,Saanvi Agarwal,16.9,71688.76,78.1,165.72,2023-08-13,False,False,True,False,False,True,False,False,False,4004.96,2.89,0.4713,Lead
288.0,Isha Kapoor,13.4,67014.77,67.9,170.6,2023-08-24,False,False,True,False,False,True,False,False,False,4653.8,2.86,0.398,Lead
289.0,Isha Gupta,17.3,74573.22,73.0,181.1,2023-09-04,False,False,False,False,True,False,True,False,False,4075.04,2.83,0.4031,Lead
290.0,Nikhil Agarwal,10.3,60490.61,55.8,165.85999999999999,2023-09-15,True,False,False,False,False,False,False,True,False,5353.15,2.8,0.3364,Lead
291.0,Arjun Desai,11.5,55107.27,77.3,162.3,2023-09-26,False,False,True,False,False,False,True,False,False,4408.58,2.77,0.4763,Lead
292.0,Zara Kapoor,6.0,38609.71,78.6,155.3,2023-10-07,False,False,False,False,True,True,False,False,False,5515.67,2.74,0.5061,Senior
293.0,Pooja Chauhan,9.8,53270.75,67.9,168.7,2023-10-18,False,False,True,False,False,False,False,True,False,4932.48,2.71,0.4025,Senior
294.0,Arjun Singh,25.9,91678.82,68.0,175.26,2023-10-29,False,True,False,False,False,True,False,False,False,3408.13,2.68,0.388,Lead
295.0,Saanvi Joshi,18.7,74198.33,60.3,163.4,2023-11-09,False,False,False,True,False,True,False,False,False,3766.41,2.65,0.369,Lead
296.0,Rahul Malhotra,5.7,45308.75,69.3,141.35000000000002,2023-11-20,False,False,False,False,True,False,False,False,True,6762.5,2.62,0.4903,Senior
297.0,Nikhil Reddy,13.4,60984.6,90.4,162.6,2023-12-01,False,True,False,False,False,True,False,False,False,4235.04,2.59,0.556,Lead
298.0,Rajat Rao,18.8,70749.66,59.6,178.5,2023-12-12,True,False,False,False,False,False,False,False,True,3573.22,2.56,0.3339,Lead
299.0,Sneha Chauhan,23.9,86955.03,88.8,165.06,2023-12-23,True,False,False,False,False,False,False,True,False,3492.17,2.53,0.538,Lead
300.0,Om Iyer,22.5,87950.3,59.7,175.5,2024-01-03,False,False,False,False,True,True,False,False,False,3742.57,2.5,0.3402,Lead
301.0,Zara Kumar,10.9,60607.4,76.3,165.28,2024-01-14,False,True,False,False,False,False,False,True,False,5093.06,2.47,0.4616,Lead
302.0,Aditya Malhotra,5.4,46807.11,69.3,166.2,2024-01-25,False,False,False,False,True,False,False,True,False,7313.61,2.44,0.417,Senior
303.0,Neha Desai,14.5,68372.37,76.3,171.44,2024-02-05,True,False,False,False,False,True,False,False,False,4411.12,2.41,0.4451,Lead
304.0,Pooja Singh,17.5,72909.53,66.1,160.4,2024-02-16,False,False,False,False,True,False,False,False,True,3941.06,2.38,0.4121,Lead
305.0,Aisha Bansal,14.4,68024.57,66.2,189.0,2024-02-27,False,True,False,False,False,False,False,True,False,4417.18,2.35,0.3503,Lead
306.0,Neha Reddy,8.6,51288.32,77.3,170.0,2024-03-09,False,True,False,False,False,True,False,False,False,5342.53,2.32,0.4547,Senior
308.0,Om Reddy,4.7,37053.37,52.9,156.2,2024-03-31,True,False,False,False,False,False,True,False,False,6500.59,2.26,0.3387,Mid
309.0,Uday Kumar,18.5,76469.37,79.1,168.3,2024-04-11,False,False,False,False,True,True,False,False,False,3921.51,2.23,0.47,Lead
310.0,Aditya Chopra,10.9,59143.33,56.2,166.35999999999999,2024-04-22,False,False,True,False,False,False,False,False,True,4970.03,2.2,0.3378,Lead
311.0,Rohan Bhatt,14.7,68455.64,76.2,178.5,2024-05-03,True,False,False,False,False,True,False,False,False,4360.23,2.17,0.4269,Lead
312.0,Vihaan Malhotra,20.1,73812.4,81.7,171.9,2024-05-14,False,False,False,False,True,False,False,True,False,3498.22,2.14,0.4753,Lead
313.0,Nikhil Mehta,19.4,78981.3,65.5,162.4,2024-05-25,False,False,True,False,False,False,False,True,False,3871.63,2.11,0.4033,Lead
314.0,Om Malhotra,22.7,79530.55,84.2,190.23000000000002,2024-06-05,False,False,False,True,False,True,False,False,False,3355.72,2.08,0.4426,Lead
315.0,Arjun Patel,25.6,94868.38,68.2,173.3,2024-06-16,False,True,False,False,False,True,False,False,False,3566.48,2.05,0.3935,Lead
316.0,Kabir Rao,8.2,46993.31,61.6,160.98000000000002,2024-06-27,False,True,False,False,False,False,False,True,False,5107.97,2.02,0.3827,Senior
317.0,Tanvi Nair,12.1,68778.21,86.8,160.0,2024-07-08,False,False,False,True,False,True,False,False,False,5250.25,1.99,0.5425,Lead
318.0,Priya Joshi,11.6,59596.22,56.3,169.4,2024-07-19,False,False,False,False,True,False,False,True,False,4729.86,1.96,0.3323,Lead
319.0,Kavya Verma,15.8,73505.82,67.9,164.02,2024-07-30,False,False,True,False,False,True,False,False,False,4375.35,1.93,0.414,Lead
320.0,Diya Kumar,10.8,67554.36,67.5,163.06,2024-08-10,False,False,False,True,False,False,False,False,True,5724.95,1.9,0.414,Lead
321.0,Ishaan Chauhan,13.6,59912.99,77.3,187.0,2024-08-21,False,False,False,False,True,False,False,True,False,4103.63,1.87,0.4134,Lead
322.0,Meera Bansal,23.0,89678.37,83.4,184.4,2024-09-01,False,True,False,False,False,False,True,False,False,3736.6,1.84,0.4523,Lead
323.0,Tanvi Sharma,4.7,35820.44,82.6,158.4,2024-09-12,False,False,True,False,False,True,False,False,False,6284.29,1.81,0.5215,Mid
324.0,Dev Desai,36.3,121277.33499999999,72.7,167.1,2024-09-23,False,False,True,False,False,False,False,True,False,3251.4,1.78,0.4351,Lead
325.0,Arjun Reddy,7.2,121277.33499999999,66.6,167.1,2024-10-04,False,False,True,False,False,False,False,True,False,14789.92,1.75,0.3986,Senior
326.0,Neha Kapoor,1.5,30610.58,48.1,161.6,2024-10-15,False,False,False,True,False,True,False,False,False,12244.23,1.72,0.2976,Junior
327.0,Ananya Singh,20.2,76070.23,54.2,173.7,2024-10-26,False,True,False,False,False,True,False,False,False,3588.22,1.69,0.312,Lead
328.0,Ishaan Chauhan,21.4,83044.13,91.2,179.54000000000002,2024-11-06,False,False,False,False,True,True,False,False,False,3707.33,1.66,0.508,Lead
329.0,Simran Malhotra,19.4,88729.09,48.0,174.8,2024-11-17,False,False,False,True,False,False,False,True,False,4349.47,1.63,0.2746,Lead
330.0,Dev Reddy,19.8,83355.19,60.6,184.4,2024-11-28,False,False,False,False,True,False,False,True,False,4007.46,1.6,0.3286,Lead
331.0,Pooja Mehta,13.3,58725.43,83.7,172.3,2024-12-09,True,False,False,False,False,True,False,False,False,4106.67,1.57,0.4858,Lead
332.0,Om Chauhan,6.1,52525.3,72.5,152.6,2024-12-20,True,False,False,False,False,False,False,True,False,7397.93,1.54,0.4751,Senior
333.0,Kabir Gupta,12.0,51724.69,81.1,179.6,2024-12-31,True,False,False,False,False,True,False,False,False,3978.82,1.51,0.4516,Lead
334.0,Tanvi Kapoor,9.6,64682.8,76.5,181.2,2025-01-11,True,False,False,False,False,True,False,False,False,6102.15,1.48,0.4222,Senior
335.0,Kavya Desai,19.9,84032.25,87.6,190.23000000000002,2025-01-22,False,False,False,True,False,False,True,False,False,4020.68,1.45,0.4605,Lead
336.0,Rajat Nair,10.5,65067.79,73.5,154.0,2025-02-02,False,True,False,False,False,False,True,False,False,5658.07,1.42,0.4773,Lead
337.0,Simran Joshi,5.4,35261.01,78.0,165.1,2025-02-13,False,False,True,False,False,False,False,True,False,5509.53,1.39,0.4724,Senior
338.0,Kabir Sharma,10.8,57847.21,61.3,166.74,2025-02-24,False,False,False,False,True,True,False,False,False,4902.31,1.36,0.3676,Lead
339.0,Aditya Kapoor,15.5,68080.56,67.25,173.3,2025-03-07,False,False,False,True,False,False,False,True,False,4126.09,1.33,0.3881,Lead
340.0,Rajat Agarwal,5.7,39215.1,65.2,157.4,2025-03-18,False,False,False,True,False,True,False,False,False,5853.0,1.3,0.4142,Senior
341.0,Neha Sharma,3.5,32269.88,64.6,181.0,2025-03-29,False,True,False,False,False,True,False,False,False,7171.08,1.27,0.3569,Mid
342.0,Ishaan Patel,9.6,56535.41,69.3,157.1,2025-04-09,False,False,False,False,True,True,False,False,False,5333.53,1.24,0.4411,Senior
343.0,Om Malhotra,18.0,77988.66,80.8,152.1,2025-04-20,False,False,False,False,True,False,False,True,False,4104.67,1.21,0.5312,Lead
344.0,Tanvi Kapoor,10.3,62249.87,90.3,160.4,2025-05-01,False,False,False,False,True,False,False,True,False,5508.84,1.18,0.563,Lead
345.0,Simran Iyer,13.8,61982.89,69.3,169.1,2025-05-12,False,False,False,False,True,True,False,False,False,4188.03,1.15,0.4098,Lead
346.0,Aisha Bansal,12.2,59791.95,81.0,171.56,2025-05-23,True,False,False,False,False,False,False,True,False,4529.69,1.12,0.4721,Lead
347.0,Dev Chopra,2.0,28087.7,49.4,141.35000000000002,2025-06-03,False,False,False,True,False,False,True,False,False,9362.57,1.09,0.3495,Junior
348.0,Rajat Kumar,1.4,41203.93,91.9,153.32,2025-06-14,True,False,False,False,False,True,False,False,False,17168.3,1.06,0.5994,Junior
349.0,Ananya Gupta,8.8,52347.74,81.0,143.6,2025-06-25,False,False,False,False,True,False,False,True,False,5341.61,1.03,0.5641,Senior
350.0,Rahul Desai,12.0,63612.94,60.8,162.8,2025-07-06,True,False,False,False,False,False,False,False,True,4893.3,1.0,0.3735,Lead
351.0,Neha Bhatt,11.3,62039.53,78.7,182.1,2025-07-17,False,False,False,False,True,True,False,False,False,5043.86,0.97,0.4322,Lead
352.0,Vihaan Joshi,22.9,94545.54,57.6,175.1,2025-07-28,False,False,False,False,True,True,False,False,False,3955.88,0.94,0.329,Lead
353.0,Arjun Rao,20.3,76593.0,77.4,161.5,2025-08-08,True,False,False,False,False,False,False,True,False,3595.92,0.91,0.4793,Lead
354.0,Vihaan Sharma,9.7,57737.93,54.2,164.5,2025-08-19,True,False,False,False,False,False,False,True,False,5396.07,0.88,0.3295,Senior
355.0,Aisha Gupta,10.6,56374.96,60.3,164.66000000000003,2025-08-30,False,True,False,False,False,False,False,False,True,4859.91,0.85,0.3662,Lead
356.0,Zara Chopra,6.2,56028.39,67.25,167.8,2025-09-10,False,False,False,True,False,True,False,False,False,7781.72,0.82,0.4008,Senior
357.0,Saanvi Mehta,17.4,69328.18,82.9,166.35999999999999,2025-09-21,True,False,False,False,False,False,True,False,False,3767.84,0.79,0.4983,Lead
358.0,Zara Nair,13.7,70107.13,73.9,172.8,2025-10-02,True,False,False,False,False,True,False,False,False,4769.19,0.76,0.4277,Lead
359.0,Ishaan Malhotra,20.0,81751.71,66.6,143.0,2025-10-13,False,True,False,False,False,True,False,False,False,3892.94,0.73,0.4657,Lead
360.0,Karan Nair,2.5,37739.28,44.6,157.62000000000003,2025-10-24,True,False,False,False,False,False,False,True,False,10782.65,0.7,0.283,Mid
361.0,Om Singh,13.0,62770.1,67.5,161.6,2025-11-04,False,False,False,False,True,True,False,False,False,4483.58,0.67,0.4177,Lead
362.0,Om Nair,20.2,87233.33,67.25,165.82,2025-11-15,False,False,False,True,False,True,False,False,False,4114.78,0.64,0.4056,Lead
364.0,Rajat Kumar,12.8,54377.92,69.7,167.32000000000002,2025-12-07,False,False,True,False,False,True,False,False,False,3940.43,0.57,0.4166,Lead
365.0,Nikhil Singh,12.4,67097.52,67.8,156.4,2025-12-18,False,False,True,False,False,True,False,False,False,5007.28,0.54,0.4335,Lead
366.0,Pooja Agarwal,6.7,51931.01,70.3,163.44,2025-12-29,True,False,False,False,False,False,True,False,False,6744.29,0.51,0.4301,Senior
367.0,Nikhil Sharma,21.5,86685.69,70.9,170.0,2026-01-09,True,False,False,False,False,True,False,False,False,3852.7,0.48,0.4171,Lead
368.0,Aisha Desai,7.7,43607.63,66.7,158.1,2026-01-20,False,True,False,False,False,False,False,True,False,5012.37,0.45,0.4219,Senior
369.0,Tanvi Bansal,13.9,59884.42,87.3,162.1,2026-01-31,False,False,False,False,True,False,False,True,False,4019.09,0.42,0.5386,Lead
370.0,Simran Kapoor,7.7,39862.79,43.5,156.74,2026-02-11,False,False,False,False,True,False,True,False,False,4581.93,0.39,0.2775,Senior
371.0,Uday Gupta,11.6,61301.65,68.2,160.6,2026-02-22,False,True,False,False,False,True,False,False,False,4865.21,0.36,0.4247,Lead
372.0,Simran Patel,20.1,73502.26,59.6,169.2,2026-03-05,True,False,False,False,False,False,False,False,True,3483.52,0.33,0.3522,Lead
373.0,Kavya Chauhan,25.0,83906.25,72.6,171.9,2026-03-16,False,False,False,False,True,False,False,True,False,3227.16,0.3,0.4223,Lead
374.0,Diya Iyer,16.1,76624.95,70.9,153.8,2026-03-27,False,False,False,True,False,False,False,True,False,4480.99,0.27,0.461,Lead
375.0,Neha Verma,28.1,104090.9,89.5,155.5,2026-04-07,True,False,False,False,False,False,False,True,False,3577.01,0.24,0.5756,Lead
376.0,Priya Bhatt,6.8,45334.14,93.4,171.2,2026-04-18,False,True,False,False,False,False,False,False,True,5812.07,0.21,0.5456,Senior
377.0,Pooja Kapoor,19.7,78579.77,60.7,163.1,2026-04-29,False,True,False,False,False,True,False,False,False,3796.12,0.18,0.3722,Lead
378.0,Diya Sharma,17.5,61713.28,70.0,165.6,2026-05-10,False,False,True,False,False,False,False,True,False,3335.85,0.15,0.4227,Lead
379.0,Dev Sharma,31.4,113083.72,72.4,167.9,2026-05-21,True,False,False,False,False,False,False,True,False,3490.24,0.12,0.4312,Lead
380.0,Kavya Iyer,11.9,56286.34,60.4,163.4,2026-06-01,False,False,False,True,False,False,False,True,False,4363.28,0.09,0.3696,Lead
381.0,Arjun Chopra,2.9,38901.45,77.5,167.62000000000003,2026-06-12,False,False,False,False,True,False,True,False,False,9974.73,0.06,0.4624,Mid
382.0,Aisha Agarwal,14.6,54057.19,67.1,175.3,2026-06-23,False,True,False,False,False,True,False,False,False,3465.2,0.03,0.3828,Lead
383.0,Tanvi Sharma,0.0,34887.84,57.2,168.6,2026-07-04,False,False,False,False,True,False,True,False,False,34887.84,0.0,0.3393,Junior
384.0,Vivaan Joshi,6.1,41485.78,66.6,148.9,2026-07-15,True,False,False,False,False,True,False,False,False,5843.07,-0.03,0.4473,Senior
385.0,Aditya Sharma,3.0,30619.79,58.0,150.0,2026-07-26,True,False,False,False,False,True,False,False,False,7654.95,-0.06,0.3867,Mid
386.0,Aisha Bansal,13.7,62551.99,67.25,141.35000000000002,2026-08-06,False,False,False,True,False,True,False,False,False,4255.24,-0.09,0.4758,Lead
387.0,Isha Patel,13.3,60268.02,92.8,158.6,2026-08-17,False,False,False,True,False,True,False,False,False,4214.55,-0.12,0.5851,Lead
388.0,Rajat Agarwal,28.5,106621.34,72.9,183.8,2026-08-28,False,False,False,False,True,False,False,True,False,3614.28,-0.15,0.3966,Lead
389.0,Diya Kumar,24.6,89398.02,71.3,177.5,2026-09-08,False,False,False,False,True,True,False,False,False,3492.11,-0.18,0.4017,Lead
390.0,Ishaan Gupta,3.4,45313.09,71.8,160.52,2026-09-19,False,True,False,False,False,True,False,False,False,10298.43,-0.21,0.4473,Mid
391.0,Aisha Kumar,6.3,47400.71,84.2,162.76,2026-09-30,True,False,False,False,False,False,True,False,False,6493.25,-0.24,0.5173,Senior
392.0,Aisha Kumar,21.2,87471.84,83.9,163.7,2026-10-11,False,False,False,False,True,False,False,False,True,3940.17,-0.27,0.5125,Lead
393.0,Priya Mehta,3.4,38489.17,68.6,163.11999999999998,2026-10-22,False,False,True,False,False,False,False,False,True,8747.54,-0.3,0.4205,Mid
394.0,Rahul Agarwal,29.3,109610.29,73.0,182.3,2026-11-02,True,False,False,False,False,False,False,False,True,3617.5,-0.33,0.4004,Lead
395.0,Aisha Rao,20.6,75731.88,77.8,163.0,2026-11-13,False,False,False,True,False,False,False,True,False,3506.11,-0.36,0.4773,Lead
396.0,Nikhil Rao,2.0,35568.12,56.3,164.0,2026-11-24,False,False,False,False,True,True,False,False,False,11856.04,-0.39,0.3433,Junior
397.0,Aarav Chauhan,0.0,28017.82,84.6,169.3,2026-12-05,True,False,False,False,False,True,False,False,False,28017.82,-0.42,0.4997,Junior
398.0,Tanvi Kapoor,23.4,95483.14,90.8,167.5,2026-12-16,True,False,False,False,False,False,False,True,False,3913.24,-0.45,0.5421,Lead
399.0,Ananya Sharma,4.6,48995.17,84.0,169.3,2026-12-27,False,True,False,False,False,True,False,False,False,8749.14,-0.48,0.4962,Mid
400.0,Arjun Nair,20.1,80252.11,55.1,170.16,2027-01-07,True,False,False,False,False,False,False,True,False,3803.42,-0.51,0.3238,Lead
401.0,Vivaan Nair,0.0,23542.44,46.4,159.0,2027-01-18,False,False,True,False,False,True,False,False,False,23542.44,-0.54,0.2918,Junior
402.0,Kabir Verma,9.4,55635.49,78.5,168.6,2027-01-29,False,False,False,False,True,True,False,False,False,5349.57,-0.57,0.4656,Senior
403.0,Dev Gupta,12.1,51926.95,60.9,158.7,2027-02-09,False,True,False,False,False,False,False,True,False,3963.89,-0.6,0.3837,Lead
404.0,Pooja Bhatt,13.2,71130.71,73.4,170.32,2027-02-20,True,False,False,False,False,False,False,True,False,5009.2,-0.63,0.431,Lead
405.0,Saanvi Sharma,8.7,49384.15,69.3,169.0,2027-03-03,False,False,False,False,True,False,False,True,False,5091.15,-0.66,0.4101,Senior
406.0,Dev Malhotra,14.1,65097.15,67.9,171.79999999999998,2027-03-14,False,False,True,False,False,False,False,True,False,4311.07,-0.69,0.3952,Lead
407.0,Diya Agarwal,5.6,40595.24,65.5,152.6,2027-03-25,False,False,False,False,True,True,False,False,False,6150.79,-0.72,0.4292,Senior
408.0,Zara Iyer,10.5,51741.09,73.3,172.04000000000002,2027-04-05,False,False,False,False,True,True,False,False,False,4499.23,-0.75,0.4261,Lead
409.0,Isha Iyer,11.2,61686.46,54.4,180.2,2027-04-16,False,False,False,True,False,False,False,False,True,5056.27,-0.78,0.3019,Lead
410.0,Diya Rao,19.0,76706.92,60.9,162.58,2027-04-27,True,False,False,False,False,False,False,True,False,3835.35,-0.81,0.3746,Lead
412.0,Rahul Reddy,4.5,36230.54,66.4,159.9,2027-05-19,True,False,False,False,False,False,False,False,True,6587.37,-0.87,0.4153,Mid
413.0,Ishaan Verma,2.4,40280.3,77.3,168.7,2027-05-30,False,True,False,False,False,True,False,False,False,11847.15,-0.9,0.4582,Mid
414.0,Ishaan Bhatt,19.5,83538.95,99.35,172.5,2027-06-10,False,False,False,False,True,True,False,False,False,4075.07,-0.93,0.5759,Lead
415.0,Vivaan Bhatt,19.0,76455.36,71.2,160.0,2027-06-21,True,False,False,False,False,True,False,False,False,3822.77,-0.96,0.445,Lead
416.0,Yash Iyer,6.8,53339.61,67.25,166.6,2027-07-02,False,False,False,True,False,False,False,True,False,6838.41,-0.99,0.4037,Senior
417.0,Pooja Chauhan,17.4,72979.38,87.0,163.02000000000004,2027-07-13,False,True,False,False,False,False,False,True,False,3966.27,-1.02,0.5337,Lead
418.0,Vivaan Desai,12.8,65898.78,50.9,160.1,2027-07-24,True,False,False,False,False,True,False,False,False,4775.27,-1.05,0.3179,Lead
419.0,Neha Patel,20.3,72635.36,70.3,172.0,2027-08-04,True,False,False,False,False,False,False,False,True,3410.11,-1.08,0.4087,Lead
420.0,Aarav Iyer,10.5,58017.15,62.9,168.2,2027-08-15,False,False,False,True,False,True,False,False,False,5044.97,-1.11,0.374,Lead
421.0,Rajat Mehta,30.4,104642.59,66.6,175.28,2027-08-26,True,False,False,False,False,True,False,False,False,3332.57,-1.14,0.38,Lead
422.0,Rahul Agarwal,30.2,106277.61,62.6,185.6,2027-09-06,False,True,False,False,False,True,False,False,False,3406.33,-1.17,0.3373,Lead
423.0,Diya Singh,10.5,56803.41,69.6,171.0,2027-09-17,False,True,False,False,False,True,False,False,False,4939.43,-1.2,0.407,Lead
424.0,Priya Agarwal,20.2,81128.5,69.3,163.1,2027-09-28,False,False,False,False,True,True,False,False,False,3826.82,-1.23,0.4249,Lead
425.0,Priya Agarwal,22.9,90328.5,82.8,156.1,2027-10-09,False,False,False,False,True,False,False,True,False,3779.44,-1.26,0.5304,Lead
427.0,Karan Kumar,1.8,37345.4,63.3,156.4,2027-10-31,False,False,False,False,True,False,False,True,False,13337.64,-1.32,0.4047,Junior
428.0,Vivaan Patel,20.7,121277.33499999999,82.2,171.5,2027-11-11,True,False,False,False,False,True,False,False,False,5588.82,-1.35,0.4793,Lead
429.0,Aisha Verma,19.7,72199.29,60.2,166.2,2027-11-22,False,False,False,True,False,True,False,False,False,3487.89,-1.38,0.3622,Lead
430.0,Tanvi Chopra,0.0,26097.3,50.4,141.35000000000002,2027-12-03,False,False,True,False,False,True,False,False,False,26097.3,-1.41,0.3566,Junior
431.0,Rohan Bansal,2.2,31807.32,68.2,164.95999999999998,2027-12-14,False,True,False,False,False,True,False,False,False,9939.79,-1.44,0.4134,Mid
432.0,Rohan Chauhan,0.0,24539.77,83.7,160.62,2027-12-25,False,False,True,False,False,False,False,True,False,24539.77,-1.47,0.5211,Junior
433.0,Vihaan Bansal,11.7,121277.33499999999,60.5,172.2,2028-01-05,False,False,True,False,False,True,False,False,False,9549.4,-1.5,0.3513,Lead
434.0,Rohan Bansal,22.4,91165.59,65.2,164.2,2028-01-16,False,False,False,False,True,False,False,True,False,3895.97,-1.53,0.3971,Lead
435.0,Meera Singh,26.3,102987.93,59.0,189.9,2028-01-27,True,False,False,False,False,False,False,False,True,3772.45,-1.56,0.3107,Lead
436.0,Meera Singh,15.8,70030.87,73.9,148.8,2028-02-07,True,False,False,False,False,True,False,False,False,4168.5,-1.59,0.4966,Lead
437.0,Karan Gupta,26.2,93878.82,90.8,186.2,2028-02-18,True,False,False,False,False,False,False,False,True,3451.43,-1.62,0.4876,Lead
438.0,Aditya Bhatt,0.0,34014.62,78.4,157.8,2028-02-29,False,True,False,False,False,False,False,True,False,34014.62,-1.65,0.4968,Junior
439.0,Simran Chauhan,2.9,25430.16,70.3,158.62,2028-03-11,True,False,False,False,False,False,False,True,False,6520.55,-1.68,0.4432,Mid
440.0,Rahul Kumar,12.6,56224.11,79.8,167.1,2028-03-22,True,False,False,False,False,False,False,True,False,4134.13,-1.71,0.4776,Lead
441.0,Kavya Mehta,19.2,66391.85,70.0,181.0,2028-04-02,True,False,False,False,False,True,False,False,False,3286.73,-1.74,0.3867,Lead
442.0,Simran Patel,15.2,62671.5,83.0,163.7,2028-04-13,False,False,False,False,True,True,False,False,False,3868.61,-1.77,0.507,Lead
443.0,Aarav Kumar,0.0,26164.91,78.9,149.0,2028-04-24,True,False,False,False,False,True,False,False,False,26164.91,-1.8,0.5295,Junior
444.0,Nikhil Malhotra,15.6,76388.41,87.3,182.0,2028-05-05,False,False,False,False,True,True,False,False,False,4601.71,-1.83,0.4797,Lead
445.0,Om Rao,0.8,18194.69,64.5,159.3,2028-05-16,False,False,False,False,True,False,False,True,False,10108.16,-1.86,0.4049,Junior
446.0,Vivaan Agarwal,22.1,83166.49,49.1,173.3,2028-05-27,False,False,False,False,True,True,False,False,False,3600.28,-1.89,0.2833,Lead
447.0,Uday Kapoor,14.0,68097.83,70.3,179.3,2028-06-07,True,False,False,False,False,False,True,False,False,4539.86,-1.92,0.3921,Lead
448.0,Pooja Joshi,9.6,56053.65,74.2,154.5,2028-06-18,False,True,False,False,False,False,False,True,False,5288.08,-1.95,0.4803,Senior
449.0,Om Iyer,10.9,64558.69,66.4,171.4,2028-06-29,True,False,False,False,False,True,False,False,False,5425.1,-1.98,0.3874,Lead
450.0,Neha Iyer,0.0,30805.26,67.1,154.1,2028-07-10,True,False,False,False,False,True,False,False,False,30805.26,-2.02,0.4354,Junior
451.0,Karan Chopra,6.9,49121.39,67.9,162.1,2028-07-21,False,False,True,False,False,False,False,False,True,6217.9,-2.05,0.4189,Senior
452.0,Zara Agarwal,22.2,76307.47,69.3,171.8,2028-08-01,False,False,False,False,True,False,False,False,True,3289.12,-2.08,0.4034,Lead
453.0,Om Singh,3.8,34558.66,59.8,168.56,2028-08-12,False,False,False,True,False,False,False,True,False,7199.72,-2.11,0.3548,Mid
454.0,Aarav Nair,13.4,54586.48,71.0,158.9,2028-08-23,True,False,False,False,False,True,False,False,False,3790.73,-2.14,0.4468,Lead
455.0,Arjun Gupta,7.0,50363.04,84.2,177.0,2028-09-03,True,False,False,False,False,True,False,False,False,6295.38,-2.17,0.4757,Senior
456.0,Simran Desai,7.8,51243.45,97.3,172.8,2028-09-14,False,False,True,False,False,True,False,False,False,5823.12,-2.2,0.5631,Senior
457.0,Vihaan Iyer,14.2,67067.69,77.9,166.38000000000002,2028-09-25,False,False,False,False,True,True,False,False,False,4412.35,-2.23,0.4682,Lead
458.0,Karan Rao,2.4,31592.83,67.9,163.6,2028-10-06,False,False,True,False,False,False,False,True,False,9292.01,-2.26,0.415,Mid
459.0,Om Rao,5.6,39135.25,93.7,166.66,2028-10-17,True,False,False,False,False,False,False,True,False,5929.58,-2.29,0.5622,Senior
460.0,Karan Verma,0.0,31047.23,69.8,173.6,2028-10-28,False,False,False,True,False,False,False,True,False,31047.23,-2.32,0.4021,Junior
461.0,Tanvi Rao,34.1,111903.07,59.9,175.0,2028-11-08,False,False,False,False,True,False,False,False,True,3188.12,-2.35,0.3423,Lead
462.0,Pooja Chauhan,16.8,66897.98,57.0,170.7,2028-11-19,True,False,False,False,False,False,False,True,False,3758.31,-2.38,0.3339,Lead
463.0,Kabir Gupta,3.5,36208.05,80.0,173.2,2028-11-30,False,False,True,False,False,True,False,False,False,8046.23,-2.41,0.4619,Mid
464.0,Vihaan Rao,19.7,75946.29,72.9,162.1,2028-12-11,False,False,False,False,True,True,False,False,False,3668.9,-2.44,0.4497,Lead
465.0,Rohan Iyer,8.3,46416.39,74.1,179.7,2028-12-22,True,False,False,False,False,False,True,False,False,4991.01,-2.47,0.4124,Senior
466.0,Rajat Kapoor,11.6,52871.16,85.4,150.5,2029-01-02,False,True,False,False,False,True,False,False,False,4196.12,-2.5,0.5674,Lead
467.0,Kavya Patel,19.6,81243.45,60.4,186.1,2029-01-13,False,True,False,False,False,False,True,False,False,3943.86,-2.53,0.3246,Lead
468.0,Aditya Chauhan,18.4,83780.25,86.4,165.5,2029-01-24,True,False,False,False,False,False,False,False,True,4318.57,-2.56,0.5221,Lead
469.0,Vihaan Kumar,13.0,62304.98,63.8,164.1,2029-02-04,False,True,False,False,False,True,False,False,False,4450.36,-2.59,0.3888,Lead
470.0,Rajat Mehta,5.5,44862.17,96.0,160.98000000000002,2029-02-15,False,False,False,True,False,False,False,True,False,6901.87,-2.62,0.5963,Senior
471.0,Kabir Agarwal,5.9,47431.89,77.2,158.4,2029-02-26,False,False,False,True,False,False,False,False,True,6874.19,-2.65,0.4874,Senior
472.0,Kabir Malhotra,0.0,31832.83,59.0,149.6,2029-03-09,False,False,False,False,True,False,False,True,False,31832.83,-2.68,0.3944,Junior
473.0,Neha Agarwal,1.7,30015.44,45.7,154.8,2029-03-20,False,True,False,False,False,False,True,False,False,11116.83,-2.71,0.2952,Junior
474.0,Tanvi Desai,28.6,110099.23,79.7,172.9,2029-03-31,True,False,False,False,False,False,True,False,False,3719.57,-2.74,0.461,Lead
475.0,Neha Singh,30.5,102463.45,65.5,184.8,2029-04-11,False,False,False,True,False,True,False,False,False,3252.81,-2.77,0.3544,Lead
476.0,Priya Gupta,15.0,70740.44,68.1,169.6,2029-04-22,True,False,False,False,False,True,False,False,False,4421.28,-2.8,0.4015,Lead
477.0,Nikhil Kapoor,18.0,77650.96,79.2,159.33999999999997,2029-05-03,False,False,False,False,True,False,True,False,False,4086.89,-2.83,0.4971,Lead
478.0,Kavya Iyer,14.7,56957.79,82.1,156.4,2029-05-14,False,True,False,False,False,False,False,True,False,3627.88,-2.86,0.5249,Lead
479.0,Ananya Iyer,35.4,116705.77,84.7,174.73999999999998,2029-05-25,True,False,False,False,False,True,False,False,False,3206.2,-2.89,0.4847,Lead
480.0,Dev Verma,27.4,98783.14,67.25,169.42000000000002,2029-06-05,False,False,False,True,False,True,False,False,False,3478.28,-2.92,0.3969,Lead
481.0,Vihaan Nair,8.1,50915.76,87.1,156.7,2029-06-16,False,False,False,True,False,False,False,True,False,5595.14,-2.95,0.5558,Senior
482.0,Meera Agarwal,2.9,38757.1,63.1,178.0,2029-06-27,False,False,True,False,False,False,True,False,False,9937.72,-2.98,0.3545,Mid
483.0,Saanvi Chauhan,1.0,36288.31,42.9,158.1,2029-07-08,False,False,False,False,True,False,False,False,True,18144.16,-3.01,0.2713,Junior
484.0,Priya Joshi,18.6,76462.42,55.9,169.3,2029-07-19,False,False,True,False,False,False,False,True,False,3901.14,-3.04,0.3302,Lead
485.0,Diya Patel,3.3,40023.09,72.6,158.5,2029-07-30,False,False,False,False,True,True,False,False,False,9307.7,-3.07,0.458,Mid
486.0,Sneha Verma,2.9,37025.23,58.3,158.44,2029-08-10,False,False,False,False,True,True,False,False,False,9493.65,-3.1,0.368,Mid
487.0,Pooja Kapoor,8.1,45163.33,68.9,162.9,2029-08-21,False,True,False,False,False,False,False,False,True,4963.0,-3.13,0.423,Senior
488.0,Ishaan Kumar,2.8,37162.01,74.1,157.5,2029-09-01,False,False,False,False,True,True,False,False,False,9779.48,-3.16,0.4705,Mid
489.0,Neha Sharma,28.7,105495.45,67.8,173.8,2029-09-12,True,False,False,False,False,True,False,False,False,3552.04,-3.19,0.3901,Lead
490.0,Aisha Patel,20.8,87543.94,64.1,173.8,2029-09-23,False,False,False,True,False,True,False,False,False,4015.78,-3.22,0.3688,Lead
491.0,Ishaan Bansal,10.4,58686.58,55.0,174.1,2029-10-04,True,False,False,False,False,False,False,True,False,5147.95,-3.25,0.3159,Lead
492.0,Ananya Chopra,22.7,93421.75,70.3,177.49999999999997,2029-10-15,True,False,False,False,False,False,True,False,False,3941.85,-3.28,0.3961,Lead
493.0,Yash Joshi,11.7,61344.32,45.2,172.0,2029-10-26,False,False,False,True,False,True,False,False,False,4830.26,-3.31,0.2628,Lead
494.0,Isha Gupta,9.5,58069.4,69.3,160.3,2029-11-06,False,False,False,False,True,True,False,False,False,5530.42,-3.34,0.4323,Senior
496.0,Diya Singh,18.2,74383.25,67.1,172.2,2029-11-28,False,False,False,True,False,False,True,False,False,3874.13,-3.4,0.3897,Lead
497.0,Karan Patel,3.7,42880.02,67.4,164.22,2029-12-09,False,False,False,True,False,True,False,False,False,9123.41,-3.43,0.4104,Mid
498.0,Vivaan Desai,10.0,50296.78,81.5,164.12,2029-12-20,False,False,True,False,False,True,False,False,False,4572.43,-3.46,0.4966,Senior
499.0,Rajat Chopra,5.5,45499.06,89.0,166.6,2029-12-31,True,False,False,False,False,True,False,False,False,6999.86,-3.49,0.5342,Senior
500.0,Ananya Iyer,0.0,32885.13,56.6,159.1,2030-01-11,True,False,False,False,False,False,False,False,True,32885.13,-3.52,0.3558,Junior
